﻿Revenue,2018-06-30,2017-06-30,2016-06-30,2015-06-30
Total Revenue,"55,196","18,067","1,439",-
Cost of Revenue,"11,677","2,011",-763,-
Gross Profit,"43,519","16,056","2,202",-
Operating Expenses,Operating Expenses,Operating Expenses,Operating Expenses,Operating Expenses
Research Development,"1,679",314,565,432.384
Selling General and Administrative,"72,410","17,083","4,721","2,757.409"
Non Recurring,-,-,-,-
Others,-,-,-,-
Total Operating Expenses,"135,304","27,708","6,029","4,367.176"
Operating Income or Loss,"-80,108","-9,641","-4,590","-4,367.176"
Income from Continuing Operations,Income from Continuing Operations,Income from Continuing Operations,Income from Continuing Operations,Income from Continuing Operations
Total Other Income/Expenses Net,"157,435","-7,623","-1,282","-5,358.901"
Earnings Before Interest and Taxes,"-80,108","-9,641","-4,590","-4,367.176"
Interest Expense,"-12,923","-4,862","-1,242",-291.135
Income Before Tax,"77,327","-17,264","-5,872","-9,726.077"
Income Tax Expense,"8,100","-4,296",-149,-207.708
Minority Interest,"4,562","4,562","4,562","4,562"
Net Income From Continuing Ops,"69,227","-12,968","-5,723","-9,518.369"
Non-recurring Events,Non-recurring Events,Non-recurring Events,Non-recurring Events,Non-recurring Events
Discontinued Operations,-,-,-,-
Extraordinary Items,-,-,-,-
Effect Of Accounting Changes,-,-,-,-
Other Items,-,-,-,-
Net Income,Net Income,Net Income,Net Income,Net Income
Net Income,"71,936","-12,968","-5,723","-9,518.369"
Preferred Stock And Other Adjustments,-,-,-,-
Net Income Applicable To Common Shares,"71,936","-12,968","-5,723","-9,518.369"
