Period Ending,2018-06-30,2017-06-30,2016-06-30,2015-06-30
Current Assets,Current Assets,Current Assets,Current Assets,Current Assets
Cash And Cash Equivalents,"89,193","159,715",170,315.853
Short Term Investments,"59,188","14,845",71,1.5
Net Receivables,"15,096","2,312",87,628.247
Inventory,"29,595","7,703","4,162",25.409
Other Current Assets,"19,032","5,905",539,-
Total Current Assets,"219,698","193,606","5,244","1,060.595"
Long Term Investments,"334,442","11,071",-,-
Property Plant and Equipment,"242,858","45,001","11,088","10,487.117"
Goodwill,"729,050","41,100",-,-
Intangible Assets,"259,726","31,609",282,298.404
Accumulated Amortization,-,-,-,-
Other Assets,"124,942",292,"1,782","1,680.506"
Deferred Long Term Asset Charges,-,-,-,-
Total Assets,"1,910,716","322,679","18,396","13,526.622"
Current Liabilities,Current Liabilities,Current Liabilities,Current Liabilities,Current Liabilities
Accounts Payable,"44,328","8,188","1,548","1,245.561"
Short/Current Long Term Debt,"203,211","63,887","10,487","8,370.588"
Other Current Liabilities,"25,258","14,642",261,-
Total Current Liabilities,"75,165","23,464","7,994","7,401.804"
Long Term Debt,"200,514","63,536","4,440","2,292.008"
Other Liabilities,"71,660","16,464",-,-
Deferred Long Term Liability Charges,-,-,-,-
Minority Interest,"4,562",-,-,-
Negative Goodwill,-,-,-,-
Total Liabilities,"347,585","103,746","12,434","9,693.812"
Stockholders' Equity,Stockholders' Equity,Stockholders' Equity,Stockholders' Equity,Stockholders' Equity
Misc. Stocks Options Warrants,-,-,-,-
Redeemable Preferred Stock,-,-,-,-
Preferred Stock,-,-,-,-
Common Stock,"1,466,433","221,447","17,148","11,432.977"
Retained Earnings,"87,749","-28,426","-16,916","-11,341.904"
Treasury Stock,"4,387","25,912","5,730","3,741.737"
Capital Surplus,-,-,-,-
Other Stockholder Equity,"4,387","25,912","5,730","3,741.737"
Total Stockholder Equity,"1,558,569","218,933","5,962","3,832.81"
Net Tangible Assets,"569,793","146,224","5,680","3,534.406"
