Revenue,2017-12-31,2016-12-31,2015-12-31,2014-12-31
Total Revenue,"7,011,300","6,286,400","5,568,700","5,345,500"
Cost of Revenue,"4,701,400","4,246,400","3,789,200","3,651,700"
Gross Profit,"2,309,900","2,040,000","1,779,500","1,693,800"
Operating Expenses,Operating Expenses,Operating Expenses,Operating Expenses,Operating Expenses
Research Development,"193,700","166,100","124,700","114,800"
Selling General and Administrative,"684,600","632,100","544,400","530,300"
Non Recurring,-,-,-,-
Others,-,-,-,-
Total Operating Expenses,"5,579,700","5,044,600","4,458,300","4,296,800"
Operating Income or Loss,"1,431,600","1,241,800","1,110,400","1,048,700"
Income from Continuing Operations,Income from Continuing Operations,Income from Continuing Operations,Income from Continuing Operations,Income from Continuing Operations
Total Other Income/Expenses Net,"-79,200","-100,700","-57,600","-76,200"
Earnings Before Interest and Taxes,"1,431,600","1,241,800","1,110,400","1,048,700"
Interest Expense,"-92,300","-72,600","-68,300","-80,400"
Income Before Tax,"1,352,400","1,141,100","1,052,800","972,500"
Income Tax Expense,"691,700","308,500","280,500","257,300"
Minority Interest,"53,600","48,200","39,900","30,500"
Net Income From Continuing Ops,"660,700","832,600","772,300","715,200"
Non-recurring Events,Non-recurring Events,Non-recurring Events,Non-recurring Events,Non-recurring Events
Discontinued Operations,-,-,-,-
Extraordinary Items,-,-,-,-
Effect Of Accounting Changes,-,-,-,-
Other Items,-,-,-,-
Net Income,Net Income,Net Income,Net Income,Net Income
Net Income,"650,500","822,900","763,500","709,100"
Preferred Stock And Other Adjustments,-,-,-,-
Net Income Applicable To Common Shares,"650,500","822,900","763,500","709,100"
