Period Ending,2017-12-31,2016-12-31,2015-12-31,2014-12-31
Current Assets,Current Assets,Current Assets,Current Assets,Current Assets
Cash And Cash Equivalents,"1,719,100","1,034,600","1,737,200","968,900"
Short Term Investments,"34,600","138,600","23,200","360,700"
Net Receivables,"1,598,600","1,349,300","1,104,600","1,123,700"
Inventory,"1,106,900","928,900","851,800","865,600"
Other Current Assets,"196,800","139,800","133,200","133,300"
Total Current Assets,"4,656,000","3,591,200","3,850,000","3,452,200"
Long Term Investments,-,-,-,-
Property Plant and Equipment,"816,800","711,400","609,500","590,700"
Goodwill,"4,042,600","3,678,800","2,692,900","2,616,700"
Intangible Assets,"441,600","474,400","268,700","287,800"
Accumulated Amortization,-,-,-,-
Other Assets,"46,900","42,900","37,300","38,500"
Deferred Long Term Asset Charges,"32,000","29,400",-,-
Total Assets,"10,003,900","8,498,700","7,458,400","6,985,900"
Current Liabilities,Current Liabilities,Current Liabilities,Current Liabilities,Current Liabilities
Accounts Payable,"875,600","678,200","587,800","618,400"
Short/Current Long Term Debt,"3,542,600","3,010,700","2,813,500","2,656,200"
Other Current Liabilities,"212,300","174,400","125,000","129,500"
Total Current Liabilities,"1,579,400","1,635,200","1,008,400","1,045,600"
Long Term Debt,"3,541,500","2,635,500","2,813,200","2,654,600"
Other Liabilities,"839,600","504,900","358,400","347,800"
Deferred Long Term Liability Charges,-,-,-,-
Minority Interest,"53,600","48,200","39,900","30,500"
Negative Goodwill,-,-,-,-
Total Liabilities,"5,960,500","4,775,600","4,180,000","4,048,000"
Stockholders' Equity,Stockholders' Equity,Stockholders' Equity,Stockholders' Equity,Stockholders' Equity
Misc. Stocks Options Warrants,-,-,-,-
Redeemable Preferred Stock,-,-,-,-
Preferred Stock,-,-,-,-
Common Stock,300,300,300,300
Retained Earnings,"2,941,500","3,122,700","2,804,400","2,453,500"
Treasury Stock,"-201,000","-469,000","-349,500","-205,800"
Capital Surplus,"1,249,000","1,020,900","783,300","659,400"
Other Stockholder Equity,"-201,000","-469,000","-349,500","-205,800"
Total Stockholder Equity,"3,989,800","3,674,900","3,238,500","2,907,400"
Net Tangible Assets,"-494,400","-478,300","276,900","2,900"
