Period Ending,2017-12-31,2016-12-31,2015-12-31,2014-12-31
Current Assets,Current Assets,Current Assets,Current Assets,Current Assets
Cash And Cash Equivalents,"9,208","3,464","1,127.34",795.53
Short Term Investments,-,-,-,-
Net Receivables,"4,568",416,-,716.288
Inventory,"12,138","3,703",-,20
Other Current Assets,-,-,-,-
Total Current Assets,"26,704","8,086","1,225.085","1,578.052"
Long Term Investments,"5,154","7,693","8,795.649","5,432.435"
Property Plant and Equipment,"56,172","14,122","2,699.886","1,303.747"
Goodwill,"1,792","1,792",392,392
Intangible Assets,"11,207","11,207","1,611.226","1,611.226"
Accumulated Amortization,-,-,-,-
Other Assets,-,-,-,25
Deferred Long Term Asset Charges,-,-,-,-
Total Assets,"101,029","42,900","14,723.846","10,342.46"
Current Liabilities,Current Liabilities,Current Liabilities,Current Liabilities,Current Liabilities
Accounts Payable,"7,076",586,946.836,589.695
Short/Current Long Term Debt,"5,367","4,000","1,565",115
Other Current Liabilities,802,"3,180",315.155,-
Total Current Liabilities,"7,878","7,766","2,326.991",704.695
Long Term Debt,"5,367",-,500,-
Other Liabilities,"1,416","1,457",195,366
Deferred Long Term Liability Charges,-,-,-,-
Minority Interest,-,-,-,-
Negative Goodwill,-,-,-,-
Total Liabilities,"14,661","9,223","3,021.991","1,070.695"
Stockholders' Equity,Stockholders' Equity,Stockholders' Equity,Stockholders' Equity,Stockholders' Equity
Misc. Stocks Options Warrants,-,-,-,-
Redeemable Preferred Stock,-,-,-,-
Preferred Stock,-,-,-,-
Common Stock,"83,559","33,590","14,799.821","13,586.129"
Retained Earnings,"-3,724","-6,215","-5,025.498","-5,411.664"
Treasury Stock,"6,533","6,302","1,328.882",368.65
Capital Surplus,-,-,598.65,728.65
Other Stockholder Equity,"6,533","6,302","1,328.882",368.65
Total Stockholder Equity,"86,368","33,677","11,701.855","9,271.765"
Net Tangible Assets,"73,369","20,678","9,698.629","7,268.539"
