Revenue,2017-12-31,2016-12-31,2015-12-31,2014-12-31
Total Revenue,"4,082",554,"3,404.803",-665.076
Cost of Revenue,"-3,148","-2,164",899.482,37.339
Gross Profit,"7,230","2,718","2,505.321",-702.415
Operating Expenses,Operating Expenses,Operating Expenses,Operating Expenses,Operating Expenses
Research Development,-,-,-,-
Selling General and Administrative,"8,797","3,742","1,945.361","2,341.44"
Non Recurring,-,-,-,-
Others,-,-,-,208.292
Total Operating Expenses,"6,190","1,960","2,958.164","2,619.701"
Operating Income or Loss,"-2,108","-1,406",446.639,"-3,284.777"
Income from Continuing Operations,Income from Continuing Operations,Income from Continuing Operations,Income from Continuing Operations,Income from Continuing Operations
Total Other Income/Expenses Net,"4,897",-352,-231.473,"-1,533.412"
Earnings Before Interest and Taxes,"-2,108","-1,406",446.639,"-3,284.777"
Interest Expense,-126,-232,-416.473,-416.473
Income Before Tax,"2,789","-1,758",215.166,"-4,818.189"
Income Tax Expense,298,-568,-171,-26
Minority Interest,-,-,-,-
Net Income From Continuing Ops,"2,491","-1,190",386.166,"-4,792.189"
Non-recurring Events,Non-recurring Events,Non-recurring Events,Non-recurring Events,Non-recurring Events
Discontinued Operations,-,-,-,-
Extraordinary Items,-,-,-,-
Effect Of Accounting Changes,-,-,-,-
Other Items,-,-,-,-
Net Income,Net Income,Net Income,Net Income,Net Income
Net Income,"2,491","-1,190",386.166,"-4,792.189"
Preferred Stock And Other Adjustments,-,-,-,-
Net Income Applicable To Common Shares,"2,491","-1,190",386.166,"-4,792.189"
