Revenue,2017-12-31,2016-12-31,2015-12-31,2014-12-31
Total Revenue,937.654,253.321,31.291,-
Cost of Revenue,"1,223.171",603.267,203.802,-
Gross Profit,-285.517,-349.946,-172.511,-
Operating Expenses,Operating Expenses,Operating Expenses,Operating Expenses,Operating Expenses
Research Development,207.5,301.526,162.316,40.066
Selling General and Administrative,"5,498.988","1,452.215","1,931.201","1,110.063"
Non Recurring,-,-,-,-
Others,-,-,-,-
Total Operating Expenses,"10,034.604","3,154.144","3,520.129","1,898.811"
Operating Income or Loss,"-9,096.95","-2,900.823","-3,488.838","-1,898.811"
Income from Continuing Operations,Income from Continuing Operations,Income from Continuing Operations,Income from Continuing Operations,Income from Continuing Operations
Total Other Income/Expenses Net,255.126,-39.678,-8.433,-746.294
Earnings Before Interest and Taxes,"-9,096.95","-2,900.823","-3,488.838","-1,898.811"
Interest Expense,-,-39.678,-8.433,-8.433
Income Before Tax,"-8,841.824","-2,940.501","-3,497.271","-2,645.105"
Income Tax Expense,-,-,-,-
Minority Interest,"1,956.834","1,956.834","1,956.834","1,956.834"
Net Income From Continuing Ops,"-8,841.824","-2,940.501","-3,497.271","-2,645.105"
Non-recurring Events,Non-recurring Events,Non-recurring Events,Non-recurring Events,Non-recurring Events
Discontinued Operations,-,-,-,-
Extraordinary Items,-,-,-,-
Effect Of Accounting Changes,-,-,-,-
Other Items,-,-,-,-
Net Income,Net Income,Net Income,Net Income,Net Income
Net Income,"-8,731.832","-2,940.501","-3,497.271","-2,645.105"
Preferred Stock And Other Adjustments,-,-,-,-
Net Income Applicable To Common Shares,"-8,731.832","-2,940.501","-3,497.271","-2,645.105"
