Period Ending,2017-12-31,2016-12-31,2015-12-31,2014-12-31
Current Assets,Current Assets,Current Assets,Current Assets,Current Assets
Cash And Cash Equivalents,"44,523.145","3,217.205",81.836,"1,718.795"
Short Term Investments,-,-,-,-
Net Receivables,278.232,28.701,42.14,42.548
Inventory,842.194,323.034,171.066,6.595
Other Current Assets,324.674,-,-,-
Total Current Assets,"46,136.156","3,601.723",322.778,"1,838.826"
Long Term Investments,"20,573.728",-,-,-
Property Plant and Equipment,"3,803.386",529.188,405.81,202.708
Goodwill,169.323,-,-,-
Intangible Assets,"2,851.855",45.418,1.317,-
Accumulated Amortization,-,-,-,-
Other Assets,196.391,-,41.774,-
Deferred Long Term Asset Charges,-,-,-,-
Total Assets,"73,730.839","4,176.329",771.679,"2,041.534"
Current Liabilities,Current Liabilities,Current Liabilities,Current Liabilities,Current Liabilities
Accounts Payable,"1,378.645",376.339,212.198,114.009
Short/Current Long Term Debt,-,-,-,19.851
Other Current Liabilities,"4,247.505",97.696,972.677,-
Total Current Liabilities,"5,626.15",474.035,"1,184.875",133.86
Long Term Debt,-,-,-,-
Other Liabilities,317.497,-,-,-
Deferred Long Term Liability Charges,-,-,-,-
Minority Interest,"1,956.834",-,-,-
Negative Goodwill,-,-,-,-
Total Liabilities,"5,943.647",474.035,"1,184.875",133.86
Stockholders' Equity,Stockholders' Equity,Stockholders' Equity,Stockholders' Equity,Stockholders' Equity
Misc. Stocks Options Warrants,-,-,-,-
Redeemable Preferred Stock,-,-,-,-
Preferred Stock,-,-,-,-
Common Stock,"77,912.246","9,756.732","3,076.966","3,076.966"
Retained Earnings,"-17,829.369","-9,097.537","-6,157.036","-2,659.765"
Treasury Stock,461.772,-,-,-
Capital Surplus,"5,285.709","3,043.099","2,666.874","1,490.473"
Other Stockholder Equity,461.772,-,-,-
Total Stockholder Equity,"65,830.358","3,702.294",-413.196,"1,907.674"
Net Tangible Assets,"62,809.18","3,656.876",-414.513,"1,907.674"
