Revenue,2018-06-30,2017-06-30,2016-06-30,2015-06-30
Total Revenue,"8,854.714",-,-,-
Cost of Revenue,-69.456,-459.519,-,-
Gross Profit,"8,924.17",459.519,-,-
Operating Expenses,Operating Expenses,Operating Expenses,Operating Expenses,Operating Expenses
Research Development,-,-,-,-
Selling General and Administrative,"9,983.865","5,823.7","2,417.773","3,264.065"
Non Recurring,-,-,-,-
Others,-,-,-,-
Total Operating Expenses,"15,796.356","18,156.312","4,294.962","5,505.078"
Operating Income or Loss,"-6,941.642","-18,156.312","-4,294.962","-5,505.078"
Income from Continuing Operations,Income from Continuing Operations,Income from Continuing Operations,Income from Continuing Operations,Income from Continuing Operations
Total Other Income/Expenses Net,341.555,-175.777,-91.825,-287.352
Earnings Before Interest and Taxes,"-6,941.642","-18,156.312","-4,294.962","-5,505.078"
Interest Expense,-363.566,-175.777,-91.825,-41.757
Income Before Tax,"-6,600.087","-18,332.089","-4,386.787","-5,792.43"
Income Tax Expense,747.043,"-3,064.914",-,-
Minority Interest,-,-,-,-
Net Income From Continuing Ops,"-7,347.13","-15,267.175","-4,386.787","-5,792.43"
Non-recurring Events,Non-recurring Events,Non-recurring Events,Non-recurring Events,Non-recurring Events
Discontinued Operations,-,-,-,-
Extraordinary Items,-,-,-,-
Effect Of Accounting Changes,-,-,-,-
Other Items,-,-,-,-
Net Income,Net Income,Net Income,Net Income,Net Income
Net Income,"-7,347.13","-15,267.175","-4,386.787","-5,792.43"
Preferred Stock And Other Adjustments,-,-,-,-
Net Income Applicable To Common Shares,"-7,347.13","-15,267.175","-4,386.787","-5,792.43"
