Period Ending,2018-06-30,2017-06-30,2016-06-30,2015-06-30
Current Assets,Current Assets,Current Assets,Current Assets,Current Assets
Cash And Cash Equivalents,"55,895.997","57,681.554","3,730.569",570.17
Short Term Investments,-,-,"1,200",-
Net Receivables,"8,467.833","1,055.229",331.665,42.524
Inventory,"7,862.351",459.519,-,-
Other Current Assets,-,-,-,-
Total Current Assets,"73,516.015","59,306.492","5,497.449","1,087.232"
Long Term Investments,"16,331.609","1,073.642",100,-
Property Plant and Equipment,"101,008.447","26,638.905","10,274.903","8,934.017"
Goodwill,-,-,-,-
Intangible Assets,"8,396.914","8,396.914","8,396.914","8,396.914"
Accumulated Amortization,-,-,-,-
Other Assets,531.084,487.385,15,16.7
Deferred Long Term Asset Charges,-,-,-,-
Total Assets,"199,784.069","95,903.338","24,284.266","18,434.863"
Current Liabilities,Current Liabilities,Current Liabilities,Current Liabilities,Current Liabilities
Accounts Payable,"22,916.874","5,110.643",883.012,146.425
Short/Current Long Term Debt,"31,721.913","31,705.456","4,036.7","4,446.279"
Other Current Liabilities,-,-,-,165.367
Total Current Liabilities,"22,916.874","5,110.643","4,383.012","4,037.955"
Long Term Debt,"31,721.913","31,705.456",536.7,809.555
Other Liabilities,-,-,-,-
Deferred Long Term Liability Charges,-,-,-,-
Minority Interest,-,-,-,-
Negative Goodwill,-,-,-,-
Total Liabilities,"54,638.787","36,816.099","4,919.712","4,847.51"
Stockholders' Equity,Stockholders' Equity,Stockholders' Equity,Stockholders' Equity,Stockholders' Equity
Misc. Stocks Options Warrants,-,-,-,-
Redeemable Preferred Stock,-,-,-,-
Preferred Stock,-,-,-,-
Common Stock,"156,097.158","65,636.03","32,063.452","26,391.482"
Retained Earnings,"-46,688.578","-39,341.448","-24,074.273","-16,409.802"
Treasury Stock,"35,736.702","32,792.657","11,375.375","3,605.673"
Capital Surplus,-,-,-,-
Other Stockholder Equity,"35,736.702","32,792.657","11,375.375","3,605.673"
Total Stockholder Equity,"145,145.282","59,087.239","19,364.554","13,587.353"
Net Tangible Assets,"136,748.368","50,690.325","10,967.64","5,190.439"
