Revenue,2017-07-31,2016-07-31,2015-07-31
Total Revenue,"4,096.841","1,871.781",1.56
Cost of Revenue,"-2,351.354",637.414,-71.372
Gross Profit,"6,448.195","1,234.367",72.932
Operating Expenses,Operating Expenses,Operating Expenses,Operating Expenses
Research Development,86.378,114.91,115.761
Selling General and Administrative,"6,289.759","3,240.184","2,184.637"
Non Recurring,-,-,-
Others,-,-,-
Total Operating Expenses,"5,275.055","4,585.97","2,557.531"
Operating Income or Loss,"-1,178.214","-2,714.189","-2,555.971"
Income from Continuing Operations,Income from Continuing Operations,Income from Continuing Operations,Income from Continuing Operations
Total Other Income/Expenses Net,"-11,239.356",-640.107,-156.52
Earnings Before Interest and Taxes,"-1,178.214","-2,714.189","-2,555.971"
Interest Expense,-522.618,-640.507,-159.41
Income Before Tax,"-12,417.57","-3,354.296","-2,712.491"
Income Tax Expense,-,-,-
Minority Interest,-,-,-
Net Income From Continuing Ops,"-12,417.57","-3,354.296","-2,712.491"
Non-recurring Events,Non-recurring Events,Non-recurring Events,Non-recurring Events
Discontinued Operations,-,-,-
Extraordinary Items,-,-,-
Effect Of Accounting Changes,-,-,-
Other Items,-,-,-
Net Income,Net Income,Net Income,Net Income
Net Income,"-12,417.57","-3,354.296","-2,712.491"
Preferred Stock And Other Adjustments,-,-,-
Net Income Applicable To Common Shares,"-12,417.57","-3,354.296","-2,712.491"
