Period Ending,2017-07-31,2016-07-31,2015-07-31
Current Assets,Current Assets,Current Assets,Current Assets
Cash And Cash Equivalents,"38,452.823","1,931.454",421.86
Short Term Investments,"2,871.55",-,-
Net Receivables,846.99,"1,320.801",191.865
Inventory,"5,193.425",652.092,378.94
Other Current Assets,-,-,-
Total Current Assets,"47,565.465","3,940.084","1,087.429"
Long Term Investments,-,-,-
Property Plant and Equipment,"5,849.695","2,936.226","2,326.772"
Goodwill,-,-,-
Intangible Assets,"2,763.764","2,633.766","2,653.53"
Accumulated Amortization,-,-,-
Other Assets,-,-,-
Deferred Long Term Asset Charges,-,-,-
Total Assets,"56,178.924","9,510.076","6,067.731"
Current Liabilities,Current Liabilities,Current Liabilities,Current Liabilities
Accounts Payable,"1,393.716","1,334.87",550.966
Short/Current Long Term Debt,"20,727.629",306.205,"1,665.695"
Other Current Liabilities,"1,618.089",38.629,95.841
Total Current Liabilities,"3,027.993","1,723.567","2,465.809"
Long Term Debt,"20,711.441",-,-
Other Liabilities,-,-,-
Deferred Long Term Liability Charges,-,-,-
Minority Interest,-,-,-
Negative Goodwill,-,-,-
Total Liabilities,"23,739.434","1,723.567","2,465.809"
Stockholders' Equity,Stockholders' Equity,Stockholders' Equity,Stockholders' Equity
Misc. Stocks Options Warrants,-,-,-
Redeemable Preferred Stock,-,-,-
Preferred Stock,-,-,-
Common Stock,"45,159.336","12,756.262","6,707.25"
Retained Earnings,"-19,784.568","-7,366.998","-4,012.702"
Treasury Stock,"5,289.842","2,307.644",797.98
Capital Surplus,"1,774.88",89.601,109.394
Other Stockholder Equity,"5,289.842","2,307.644",797.98
Total Stockholder Equity,"32,439.49","7,786.509","3,601.922"
Net Tangible Assets,"29,675.726","5,152.743",948.392
