Revenue,2017-08-31,2016-08-31,2015-08-31
Total Revenue,"10,981.414","3,488.902","4,568.276"
Cost of Revenue,"9,603.286","2,368.428","2,565.251"
Gross Profit,"1,378.128","1,120.474","2,003.025"
Operating Expenses,Operating Expenses,Operating Expenses,Operating Expenses
Research Development,-,-,-
Selling General and Administrative,"9,806.759","3,138.351","1,253.353"
Non Recurring,-,-,-
Others,442.823,7.222,7.222
Total Operating Expenses,"19,852.868","5,514.001","3,818.604"
Operating Income or Loss,"-8,871.454","-2,025.099",749.672
Income from Continuing Operations,Income from Continuing Operations,Income from Continuing Operations,Income from Continuing Operations
Total Other Income/Expenses Net,"-8,486.146",-127.212,-160.804
Earnings Before Interest and Taxes,"-8,871.454","-2,025.099",749.672
Interest Expense,-,-,-
Income Before Tax,"-17,357.6","-2,152.311",588.868
Income Tax Expense,-0.336,-,233.638
Minority Interest,-,-,-
Net Income From Continuing Ops,"-17,357.264","-2,152.311",355.23
Non-recurring Events,Non-recurring Events,Non-recurring Events,Non-recurring Events
Discontinued Operations,-,-,-
Extraordinary Items,-,-,-
Effect Of Accounting Changes,-,-,-
Other Items,-,-,-
Net Income,Net Income,Net Income,Net Income
Net Income,"-17,357.264","-2,152.311",355.23
Preferred Stock And Other Adjustments,-,-,-
Net Income Applicable To Common Shares,"-17,357.264","-2,152.311",355.23
