Period Ending,2017-08-31,2016-08-31,2015-08-31
Current Assets,Current Assets,Current Assets,Current Assets
Cash And Cash Equivalents,"1,132.77",113.665,168.691
Short Term Investments,-,-,-
Net Receivables,570.673,79.106,232.182
Inventory,"2,497.884",943.306,493.335
Other Current Assets,426.96,44.768,-
Total Current Assets,"4,869.239","1,228.023",900.422
Long Term Investments,-,-,-
Property Plant and Equipment,-,-,-
Goodwill,"2,827.42","1,990.716",-
Intangible Assets,"6,227.711",892.342,-
Accumulated Amortization,-,-,-
Other Assets,-,-,-
Deferred Long Term Asset Charges,-,-,-
Total Assets,"13,924.37","4,111.081",900.422
Current Liabilities,Current Liabilities,Current Liabilities,Current Liabilities
Accounts Payable,650.559,457.241,-
Short/Current Long Term Debt,379.924,-,-
Other Current Liabilities,582.887,684.525,429.341
Total Current Liabilities,"1,362.165","1,191.557",548.62
Long Term Debt,284.943,-,-
Other Liabilities,749.868,"1,232.935",-
Deferred Long Term Liability Charges,-,-,-
Minority Interest,-,-,-
Negative Goodwill,-,-,-
Total Liabilities,"2,396.976","2,424.492",548.62
Stockholders' Equity,Stockholders' Equity,Stockholders' Equity,Stockholders' Equity
Misc. Stocks Options Warrants,-,-,-
Redeemable Preferred Stock,-,-,-
Preferred Stock,-,-,-
Common Stock,"21,637.191","2,138.967",-
Retained Earnings,"-19,154.345","-1,797.081",355.23
Treasury Stock,"7,245.984","1,094.642",-3.428
Capital Surplus,"1,798.564",250.061,-
Other Stockholder Equity,"7,245.984","1,094.642",-3.428
Total Stockholder Equity,"11,527.394","1,686.589",351.802
Net Tangible Assets,"2,472.263","-1,196.469",351.802
