Revenue,2017-08-31,2016-08-31,2015-08-31,2014-08-31
Total Revenue,"5,713.702","6,127.624",986.676,-
Cost of Revenue,"8,840.789",813.379,-339.511,274.905
Gross Profit,"-3,127.087","5,314.245","1,326.187",-274.905
Operating Expenses,Operating Expenses,Operating Expenses,Operating Expenses,Operating Expenses
Research Development,-,-,-,-
Selling General and Administrative,"6,336.571","3,626.259","2,228.403",874.212
Non Recurring,-,-,-,-
Others,-,-,-,-
Total Operating Expenses,"16,880.45","4,881.987","2,145.635","1,622.339"
Operating Income or Loss,"-11,166.748","1,245.637","-1,158.959","-1,622.339"
Income from Continuing Operations,Income from Continuing Operations,Income from Continuing Operations,Income from Continuing Operations,Income from Continuing Operations
Total Other Income/Expenses Net,277.07,-398.974,-117.895,"-6,802.472"
Earnings Before Interest and Taxes,"-11,166.748","1,245.637","-1,158.959","-1,622.339"
Interest Expense,-273.867,-436.372,-115.405,-21.6
Income Before Tax,"-10,889.678",846.663,"-1,276.854","-8,424.811"
Income Tax Expense,-,-,-,-
Minority Interest,-,-,-,-
Net Income From Continuing Ops,"-10,889.678",846.663,"-1,276.854","-8,424.811"
Non-recurring Events,Non-recurring Events,Non-recurring Events,Non-recurring Events,Non-recurring Events
Discontinued Operations,-,-,-,-
Extraordinary Items,-,-,-,-
Effect Of Accounting Changes,-,-,-,-
Other Items,-,-,-,-
Net Income,Net Income,Net Income,Net Income,Net Income
Net Income,"-10,889.678",846.663,"-1,276.854","-8,424.811"
Preferred Stock And Other Adjustments,-,-,-,-
Net Income Applicable To Common Shares,"-10,889.678",846.663,"-1,276.854","-8,424.811"
