Period Ending,2018-02-28,2017-02-28,2016-02-29,2015-02-28
Current Assets,Current Assets,Current Assets,Current Assets,Current Assets
Cash And Cash Equivalents,73.491,14.405,9.65,11.328
Short Term Investments,-,-,-,-
Net Receivables,23.638,8.657,11.659,10.962
Inventory,-,-,35.481,-
Other Current Assets,-,-,10.755,111.099
Total Current Assets,105.814,25.062,67.545,179.327
Long Term Investments,-,-,-,-
Property Plant and Equipment,-,-,-,-
Goodwill,-,-,-,-
Intangible Assets,-,-,-,-
Accumulated Amortization,-,-,-,-
Other Assets,-,-,75.9,75.9
Deferred Long Term Asset Charges,-,-,-,-
Total Assets,105.814,25.062,143.445,255.227
Current Liabilities,Current Liabilities,Current Liabilities,Current Liabilities,Current Liabilities
Accounts Payable,116.974,124.73,88.297,42.334
Short/Current Long Term Debt,15,22,12,-
Other Current Liabilities,-,-,-,-
Total Current Liabilities,202.195,294.016,148.122,63.009
Long Term Debt,-,-,-,-
Other Liabilities,-,-,-,-
Deferred Long Term Liability Charges,-,-,-,-
Minority Interest,-,-,-,-
Negative Goodwill,-,-,-,-
Total Liabilities,202.195,294.016,148.122,63.009
Stockholders' Equity,Stockholders' Equity,Stockholders' Equity,Stockholders' Equity,Stockholders' Equity
Misc. Stocks Options Warrants,-,-,-,-
Redeemable Preferred Stock,-,-,-,-
Preferred Stock,-,-,-,-
Common Stock,"3,665.777","3,125.552","2,731.552","2,657.113"
Retained Earnings,"-5,120.274","-4,131.374","-3,353.478","-3,054.587"
Treasury Stock,"1,358.116",736.868,617.249,589.692
Capital Surplus,-,-,-,-
Other Stockholder Equity,"1,358.116",736.868,617.249,589.692
Total Stockholder Equity,-96.381,-268.954,-4.677,192.218
Net Tangible Assets,-96.381,-268.954,-4.677,192.218
