Revenue,2018-03-31,2017-03-31,2016-03-31,2015-03-31
Total Revenue,"77,948","39,895","12,699","1,896.8"
Cost of Revenue,"3,756","1,181","-6,287",-364
Gross Profit,"74,192","38,714","18,986","2,260.8"
Operating Expenses,Operating Expenses,Operating Expenses,Operating Expenses,Operating Expenses
Research Development,"1,453",810,721,213.6
Selling General and Administrative,"82,022","29,818","13,830","6,048"
Non Recurring,-,-,-,-
Others,-,-,-,-
Total Operating Expenses,"156,823","46,609","14,017","8,461.6"
Operating Income or Loss,"-78,875","-6,714","-1,318","-6,564.8"
Income from Continuing Operations,Income from Continuing Operations,Income from Continuing Operations,Income from Continuing Operations,Income from Continuing Operations
Total Other Income/Expenses Net,"26,334","-3,561","-2,052",-912
Earnings Before Interest and Taxes,"-78,875","-6,714","-1,318","-6,564.8"
Interest Expense,-,-,-140,-140
Income Before Tax,"-52,541","-10,275","-3,370","-7,476.8"
Income Tax Expense,"1,593","-2,703",126,-
Minority Interest,"84,465",-32,-32,-32
Net Income From Continuing Ops,"-54,134","-7,572","-3,496","-7,476.8"
Non-recurring Events,Non-recurring Events,Non-recurring Events,Non-recurring Events,Non-recurring Events
Discontinued Operations,-,-,-,-
Extraordinary Items,-,-,-,-
Effect Of Accounting Changes,-,-,-,-
Other Items,-,-,-,-
Net Income,Net Income,Net Income,Net Income,Net Income
Net Income,"-70,353","-7,521","-3,496","-7,476.8"
Preferred Stock And Other Adjustments,-,-,-,-
Net Income Applicable To Common Shares,"-70,353","-7,521","-3,496","-7,476.8"
