Period Ending,2018-03-31,2017-03-31,2016-03-31,2015-03-31
Current Assets,Current Assets,Current Assets,Current Assets,Current Assets
Cash And Cash Equivalents,"322,560","101,800","15,397","21,446"
Short Term Investments,-,-,-,-
Net Receivables,"21,425","5,815","1,486",773
Inventory,"117,955","60,706","27,474","6,383"
Other Current Assets,"3,705","7,531",-,10
Total Current Assets,"481,777","178,786","44,846","29,376"
Long Term Investments,"226,569","24,030",-,-
Property Plant and Equipment,"303,682","96,270","44,281","18,132"
Goodwill,"314,923","241,371","20,866",-
Intangible Assets,"101,526","162,263","32,564",266
Accumulated Amortization,-,-,-,-
Other Assets,"8,340",-,804,-
Deferred Long Term Asset Charges,-,-,-,-
Total Assets,"1,436,817","702,720","143,361","47,774"
Current Liabilities,Current Liabilities,Current Liabilities,Current Liabilities,Current Liabilities
Accounts Payable,"46,175","5,661","5,857","4,052"
Short/Current Long Term Debt,"8,422","10,330","4,022","1,916"
Other Current Liabilities,900,588,533,-
Total Current Liabilities,"92,028","17,665","7,193","4,525"
Long Term Debt,"6,865","8,639","3,469","1,669"
Other Liabilities,"94,686","36,690","8,914",171
Deferred Long Term Liability Charges,-,-,-,-
Minority Interest,"84,465",-32,-,-
Negative Goodwill,-,-,-,-
Total Liabilities,"193,579","62,994","19,576","6,365"
Stockholders' Equity,Stockholders' Equity,Stockholders' Equity,Stockholders' Equity,Stockholders' Equity
Misc. Stocks Options Warrants,-,-,-,-
Redeemable Preferred Stock,-,-,-,-
Preferred Stock,-,-,-,-
Common Stock,"1,076,838","621,541","131,080","49,826"
Retained Earnings,"-91,649","-21,296","-13,775","-10,279"
Treasury Stock,"173,584","39,513","6,480","1,862"
Capital Surplus,-,-,-,-
Other Stockholder Equity,"173,584","39,513","6,480","1,862"
Total Stockholder Equity,"1,158,773","639,758","123,785","41,409"
Net Tangible Assets,"742,324","236,124","70,355","41,143"
